[{"model": "myapp.topic", "pk": 1, "fields": {"name": "Web Development", "category": "Development", "length": 1}}, {"model": "myapp.topic", "pk": 2, "fields": {"name": "Management", "category": "Business", "length": 1}}, {"model": "myapp.topic", "pk": 3, "fields": {"name": "Economics", "category": "Finance & Accounting", "length": 1}}, {"model": "myapp.topic", "pk": 4, "fields": {"name": "IT Certification", "category": "IT & Software", "length": 1}}, {"model": "myapp.topic", "pk": 5, "fields": {"name": "Sports", "category": "Health & Fitness", "length": 1}}, {"model": "myapp.course", "pk": 1, "fields": {"topic": 4, "name": "CCNA", "price": "179.99", "for_everyone": true, "description": "", "interested": 3, "stages": 3}}, {"model": "myapp.course", "pk": 2, "fields": {"topic": 4, "name": "AWS", "price": "119.99", "for_everyone": true, "description": "", "interested": 0, "stages": 3}}, {"model": "myapp.course", "pk": 3, "fields": {"topic": 4, "name": "CompTIA Security", "price": "139.99", "for_everyone": true, "description": "", "interested": 0, "stages": 3}}, {"model": "myapp.course", "pk": 4, "fields": {"topic": 4, "name": "Oracle SQL", "price": "143.99", "for_everyone": true, "description": "", "interested": 0, "stages": 3}}, {"model": "myapp.course", "pk": 5, "fields": {"topic": 3, "name": "Microeconomics", "price": "199.99", "for_everyone": true, "description": "", "interested": 0, "stages": 3}}, {"model": "myapp.course", "pk": 6, "fields": {"topic": 3, "name": "Introduction to Economics", "price": "174.99", "for_everyone": true, "description": "", "interested": 0, "stages": 3}}, {"model": "myapp.course", "pk": 7, "fields": {"topic": 3, "name": "Global Economics", "price": "149.99", "for_everyone": true, "description": "", "interested": 0, "stages": 3}}, {"model": "myapp.course", "pk": 8, "fields": {"topic": 1, "name": "Web Development Bootcamp", "price": "199.99", "for_everyone": true, "description": "", "interested": 0, "stages": 3}}, {"model": "myapp.course", "pk": 9, "fields": {"topic": 1, "name": "Web Design", "price": "159.99", "for_everyone": true, "description": "", "interested": 0, "stages": 3}}, {"model": "myapp.course", "pk": 10, "fields": {"topic": 1, "name": "Web Development Masterclass", "price": "124.99", "for_everyone": true, "description": "", "interested": 0, "stages": 3}}, {"model": "myapp.course", "pk": 11, "fields": {"topic": 1, "name": "Build Responsive Websites", "price": "149.99", "for_everyone": true, "description": "", "interested": 0, "stages": 3}}, {"model": "myapp.course", "pk": 12, "fields": {"topic": 2, "name": "Innovation for Business", "price": "174.99", "for_everyone": true, "description": "", "interested": 0, "stages": 3}}, {"model": "myapp.course", "pk": 13, "fields": {"topic": 2, "name": "Leadership Skills", "price": "149.84", "for_everyone": true, "description": "", "interested": 1, "stages": 3}}, {"model": "myapp.course", "pk": 14, "fields": {"topic": 2, "name": "Project Management", "price": "121.49", "for_everyone": false, "description": "", "interested": 0, "stages": 3}}, {"model": "myapp.student", "pk": 2, "fields": {"school": "123 University Avenue", "city": "WS", "interested_in": [1, 2, 3, 4]}}, {"model": "myapp.student", "pk": 3, "fields": {"school": "235 Sunset Avenue", "city": "VC", "interested_in": [1, 3]}}, {"model": "myapp.student", "pk": 4, "fields": {"school": "306 Prince Street", "city": "CG", "interested_in": [2, 3, 4]}}, {"model": "myapp.student", "pk": 5, "fields": {"school": "442 Sunset Avenue", "city": "MR", "interested_in": [3, 4]}}, {"model": "myapp.student", "pk": 6, "fields": {"school": "987 King Street", "city": "WS", "interested_in": [2]}}, {"model": "myapp.student", "pk": 7, "fields": {"school": "122 test road", "city": "WS", "interested_in": [1, 2]}}, {"model": "myapp.student", "pk": 8, "fields": {"school": "111 test city", "city": "MR", "interested_in": [3]}}, {"model": "myapp.student", "pk": 9, "fields": {"school": "999 test ave", "city": "MR", "interested_in": [3]}}, {"model": "myapp.student", "pk": 10, "fields": {"school": "111 my ave", "city": "WS", "interested_in": [1, 2]}}, {"model": "myapp.student", "pk": 11, "fields": {"school": "no address", "city": "MR", "interested_in": [4]}}, {"model": "myapp.student", "pk": 12, "fields": {"school": "test addeess", "city": "WS", "interested_in": [1]}}, {"model": "myapp.student", "pk": 13, "fields": {"school": "123 test street", "city": "WS", "interested_in": [1]}}, {"model": "myapp.order", "pk": 1, "fields": {"course": 8, "student": 3, "levels": 1, "order_status": 1, "order_date": "2022-06-04"}}, {"model": "myapp.order", "pk": 2, "fields": {"course": 14, "student": 3, "levels": 1, "order_status": 1, "order_date": "2022-06-04"}}, {"model": "myapp.order", "pk": 3, "fields": {"course": 1, "student": 2, "levels": 1, "order_status": 1, "order_date": "2022-06-04"}}, {"model": "myapp.order", "pk": 4, "fields": {"course": 5, "student": 6, "levels": 1, "order_status": 1, "order_date": "2022-06-04"}}, {"model": "myapp.order", "pk": 5, "fields": {"course": 11, "student": 6, "levels": 1, "order_status": 1, "order_date": "2022-06-04"}}, {"model": "myapp.order", "pk": 6, "fields": {"course": 13, "student": 4, "levels": 1, "order_status": 1, "order_date": "2022-06-04"}}, {"model": "myapp.order", "pk": 7, "fields": {"course": 6, "student": 5, "levels": 1, "order_status": 1, "order_date": "2022-06-04"}}, {"model": "myapp.order", "pk": 8, "fields": {"course": 2, "student": 2, "levels": 1, "order_status": 1, "order_date": "2022-07-09"}}, {"model": "myapp.order", "pk": 11, "fields": {"course": 1, "student": 3, "levels": 1, "order_status": 1, "order_date": "2022-07-09"}}, {"model": "myapp.order", "pk": 12, "fields": {"course": 1, "student": 4, "levels": 1, "order_status": 1, "order_date": "2022-07-09"}}, {"model": "myapp.order", "pk": 13, "fields": {"course": 13, "student": 2, "levels": 1, "order_status": 1, "order_date": "2022-07-09"}}, {"model": "myapp.order", "pk": 14, "fields": {"course": 1, "student": 6, "levels": 1, "order_status": 1, "order_date": "2022-07-09"}}, {"model": "myapp.order", "pk": 15, "fields": {"course": 13, "student": 6, "levels": 1, "order_status": 1, "order_date": "2022-07-11"}}, {"model": "myapp.order", "pk": 16, "fields": {"course": 13, "student": 5, "levels": 1, "order_status": 1, "order_date": "2022-07-11"}}, {"model": "myapp.order", "pk": 17, "fields": {"course": 11, "student": 3, "levels": 1, "order_status": 1, "order_date": "2022-07-11"}}, {"model": "myapp.order", "pk": 18, "fields": {"course": 13, "student": 5, "levels": 1, "order_status": 1, "order_date": "2022-07-30"}}, {"model": "myapp.order", "pk": 19, "fields": {"course": 13, "student": 5, "levels": 1, "order_status": 1, "order_date": "2022-07-30"}}, {"model": "myapp.order", "pk": 20, "fields": {"course": 13, "student": 5, "levels": 1, "order_status": 1, "order_date": "2022-07-30"}}, {"model": "myapp.order", "pk": 21, "fields": {"course": 13, "student": 5, "levels": 1, "order_status": 1, "order_date": "2022-07-30"}}, {"model": "myapp.order", "pk": 22, "fields": {"course": 13, "student": 5, "levels": 1, "order_status": 1, "order_date": "2022-07-30"}}, {"model": "myapp.order", "pk": 23, "fields": {"course": 13, "student": 12, "levels": 1, "order_status": 1, "order_date": "2022-08-05"}}, {"model": "myapp.order", "pk": 24, "fields": {"course": 4, "student": 13, "levels": 1, "order_status": 1, "order_date": "2022-08-08"}}, {"model": "myapp.image", "pk": 1, "fields": {"image": "images/Screenshot_2.png"}}, {"model": "myapp.image", "pk": 2, "fields": {"image": "images/Screenshot_2_j2r19PR.png"}}, {"model": "myapp.image", "pk": 3, "fields": {"image": "images/Screenshot_2_cHj0SrO.png"}}, {"model": "myapp.image", "pk": 4, "fields": {"image": "images/Screenshot_2_qCQ3rXn.png"}}, {"model": "myapp.image", "pk": 5, "fields": {"image": "images/Screenshot_2_gPwh21a.png"}}, {"model": "myapp.image", "pk": 6, "fields": {"image": "images/Screenshot_2_uttfkgD.png"}}, {"model": "myapp.image", "pk": 7, "fields": {"image": "images/Screenshot_2_fbvKWc2.png"}}, {"model": "myapp.image", "pk": 8, "fields": {"image": "images/Screenshot_2_szz7uet.png"}}, {"model": "myapp.image", "pk": 9, "fields": {"image": "images/Screenshot_2_1aOEHDO.png"}}, {"model": "myapp.image", "pk": 10, "fields": {"image": "images/Screenshot_2_Sn7XL8n.png"}}, {"model": "myapp.image", "pk": 11, "fields": {"image": "images/Screenshot_2.png"}}, {"model": "myapp.image", "pk": 12, "fields": {"image": "images/Screenshot_1.png"}}]
